"","COD_DPTO","Departamento","COD_MUNICIPIO","cod_unique_municipio","Municipio","week_1st","xcoord","ycoord"
"1","54","NORTE SANTANDER","001","54001","CUCUTA",1,1838764.1412,1396686.15568
"2","54","NORTE SANTANDER","261","54261","EL ZULIA",1,1822948.32816,1392948.52481
"3","76","VALLE","001","76001","CALI",1,1389293.47038,868324.42082
"4","88","SAN ANDRES","001","88001","SAN ANDRES",1,821735.87958,1879494.71645
"5","54","NORTE SANTANDER","498","54498","OCAÑA",2,1742616.74033,1408240.8709
"6","54","NORTE SANTANDER","518","54518","PAMPLONA",2,1819389.22507,1314571.45714
"7","85","CASANARE","010","85010","AGUAZUL",2,1837224.11629,1063532.80054
"8","86","PUTUMAYO","001","86001","MOCOA",2,1377861.30526,627854.12401
"9","19","CAUCA","450","19450","MERCADERES",3,1322463.84416,690374.58895
"10","54","NORTE SANTANDER","874","54874","VILLA DEL ROSARIO",3,1840230.19517,1357014.11466
"11","85","CASANARE","410","85410","TAURAMENA",3,1828702.95333,1015603.95778
"12","41","HUILA","791","41791","TARQUI",4,1467883.52541,727961.88011
"13","52","NARIÑO","835","52835","TUMACO",4,1162882.39975,672733.82425
"14","85","CASANARE","162","85162","MONTERREY",4,1804129.53385,1031400.58756
"15","86","PUTUMAYO","568","86568","PUERTO ASIS",4,1417674.58414,544806.00709
"16","05","ANTIOQUIA","088","05088","BELLO",5,1497023.19017,1197079.80064
"17","08","ATLANTICO","001","08001","BARRANQUILLA",5,1574524.11312,1711213.52194
"18","13","BOLIVAR","001","13001","CARTAGENA",5,1505142.28024,1651314.43291
"19","23","CORDOBA","001","23001","MONTERIA",5,1454684.39041,1443525.48664
"20","41","HUILA","319","41319","GUADALUPE",5,1487830.65602,711837.9029
"21","70","SUCRE","001","70001","SINCELEJO",5,1510922.03322,1525400.80157
"22","05","ANTIOQUIA","001","05001","MEDELLIN",6,1494757.69373,1185828.3241
"23","15","BOYACA","480","15480","MUZO",6,1661685.75906,1106070.69905
"24","15","BOYACA","842","15842","UMBITA",6,1734868.77682,1072546.17905
"25","05","ANTIOQUIA","154","05154","CAUCASIA",7,1556782.67923,1365168.87934
"26","05","ANTIOQUIA","250","05250","EL BAGRE",7,1598058.99844,1347544.39271
"27","05","ANTIOQUIA","360","05360","ITAGUI",7,1494477.24718,1177139.75413
"28","15","BOYACA","507","15507","OTANCHE",7,1652448.4855,1131375.63321
"29","15","BOYACA","514","15514","PAEZ",7,1786270.97613,1059508.05391
"30","18","CAQUETA","479","18479","MORELIA",7,1490562.35891,645145.56443
"31","41","HUILA","885","41885","YAGUARA",7,1507793.0106,785346.75697
"32","05","ANTIOQUIA","197","05197","COCORNA",8,1545073.64522,1158306.163
"33","13","BOLIVAR","836","13836","TURBACO",8,1515041.45009,1640480.25913
"34","15","BOYACA","185","15185","CHITARAQUE",8,1738088.41752,1157993.38781
"35","15","BOYACA","518","15518","PAJARITO",8,1820274.71784,1091908.56415
"36","15","BOYACA","572","15572","PUERTO BOYACA",8,1623770.56724,1153272.8758
"37","50","META","001","50001","VILLAVICENCIO",8,1732765.37983,947218.73082
"38","81","ARAUCA","001","81001","ARAUCA",8,2062640.33806,1253864.24617
"39","05","ANTIOQUIA","101","05101","BOLIVAR",9,1450759.24347,1139283.89566
"40","05","ANTIOQUIA","129","05129","CALDAS",9,1493235.3905,1163282.31391
"41","05","ANTIOQUIA","790","05790","TARAZA",9,1516641.95112,1322638.63345
"42","15","BOYACA","667","15667","SAN LUIS DE GACENO",9,1773257.59405,1028178.99457
"43","15","BOYACA","681","15681","SAN PABLO DE BORBUR",9,1661796.53325,1122972.7765
"44","44","GUAJIRA","001","44001","RIOHACHA",9,1779217.41505,1744590.79579
"45","08","ATLANTICO","558","08558","POLO NUEVO",10,1572033.49385,1687386.19993
"46","50","META","568","50568","PUERTO GAITAN",10,1941373.6737,939530.19177
"47","73","TOLIMA","001","73001","IBAGUE",10,1536135.23362,985798.88767
"48","95","GUAVIARE","025","95025","EL RETORNO",10,1954115.78567,725039.09461
"49","05","ANTIOQUIA","138","05138","CAÑASGORDAS",11,1448112.70174,1247242.22844
"50","05","ANTIOQUIA","615","05615","RIONEGRO",11,1517092.08086,1174172.475
"51","08","ATLANTICO","433","08433","MALAMBO",11,1577146.08502,1696459.66482
"52","08","ATLANTICO","758","08758","SOLEDAD",11,1580078.40315,1703022.5826
"53","13","BOLIVAR","052","13052","ARJONA",11,1516281.0472,1619535.21205
"54","13","BOLIVAR","433","13433","MAHATES",11,1537306.75756,1621399.09823
"55","13","BOLIVAR","468","13468","MOMPOS",11,1608988.6483,1507463.57422
"56","13","BOLIVAR","654","13654","SAN JACINTO",11,1545988.98584,1583466.25829
"57","15","BOYACA","135","15135","CAMPOHERMOSO",11,1770702.28961,1049496.61634
"58","17","CALDAS","867","17867","VICTORIA",11,1581641.75779,1096675.0967
"59","23","CORDOBA","182","23182","CHINU",11,1519621.56296,1493422.85758
"60","25","CUNDINAMARCA","307","25307","GIRARDOT",11,1585368.6446,973504.68479
"61","47","MAGDALENA","001","47001","SANTA MARTHA",11,1677703.99058,1728796.05261
"62","66","RISARALDA","383","66383","LA CELIA",11,1451663.01285,1044736.31734
"63","86","PUTUMAYO","885","86885","VILLAGARZON",11,1371147.75352,592688.89037
"64","08","ATLANTICO","078","08078","BARANOA",12,1564514.19594,1690133.91563
"65","13","BOLIVAR","244","13244","EL CARMEN DE BOLIVAR",12,1540505.30629,1568335.84709
"66","13","BOLIVAR","442","13442","MARIA LA BAJA",12,1519599.13704,1598694.32785
"67","13","BOLIVAR","688","13688","SANTA ROSA DEL SUR",12,1642454.34302,1355685.0492
"68","20","CESAR","001","20001","VALLEDUPAR",12,1725824.91556,1647452.3788
"69","20","CESAR","011","20011","AGUACHICA",12,1712609.94506,1409706.06986
"70","47","MAGDALENA","551","47551","PIVIJAY",12,1621224.72483,1651093.68612
"71","52","NARIÑO","786","52786","TAMINANGO",12,1306380.83309,667969.32227
"72","66","RISARALDA","001","66001","PEREIRA",12,1484721.07619,1022008.19918
"73","70","SUCRE","215","70215","COROZAL",12,1531067.70509,1513165.77662
"74","70","SUCRE","473","70473","MORROA",12,1522331.12311,1533968.54135
"75","70","SUCRE","523","70523","PALMITO",12,1496543.43131,1527241.1281
"76","70","SUCRE","820","70820","TOLU",12,1499180.26403,1549340.51521
"77","73","TOLIMA","026","73026","ALVARADO",12,1565690.84442,1000511.01034
"78","13","BOLIVAR","657","13657","SAN JUAN NEPOMUCENO",13,1550212.36502,1598250.55802
"79","17","CALDAS","442","17442","MARMATO",13,1496427.14684,1100988.51673
"80","23","CORDOBA","815","23815","TUCHIN",13,1498669.62859,1515029.79773
"81","23","CORDOBA","855","23855","VALENCIA",13,1425196.43268,1402788.61697
"82","41","HUILA","298","41298","GARZON",13,1501790.17822,732734.82688
"83","66","RISARALDA","075","66075","BALBOA",13,1458992.62092,1037044.9477
"84","66","RISARALDA","170","66170","DOSQUEBRADAS",13,1489388.69549,1028774.45101
"85","70","SUCRE","204","70204","COLOSO (RICAURTE)",13,1518019.20167,1548942.39876
"86","73","TOLIMA","275","73275","FLANDES",13,1582582.69275,962897.39451
"87","73","TOLIMA","443","73443","MARIQUITA",13,1574001.74265,1073043.8508
"88","73","TOLIMA","449","73449","MELGAR",13,1604843.76606,956745.93683
"89","73","TOLIMA","483","73483","NATAGAIMA",13,1551286.88729,884738.96629
"90","08","ATLANTICO","573","08573","PUERTO COLOMBIA",14,1565736.45774,1713605.02259
"91","13","BOLIVAR","760","13760","SOPLAVIENTO",14,1543946.98391,1638585.22954
"92","17","CALDAS","380","17380","LA DORADA",14,1595339.45173,1107121.63594
"93","41","HUILA","001","41001","NEIVA",14,1534824.16869,823922.48553
"94","41","HUILA","357","41357","IQUIRA",14,1490162.81317,790267.00138
"95","41","HUILA","799","41799","TELLO",14,1555659.40805,828158.74256
"96","44","GUAJIRA","560","44560","MANAURE",14,1820764.59157,1786081.7712
"97","47","MAGDALENA","189","47189","CIENAGA",14,1660916.30437,1702569.99006
"98","50","META","689","50689","SAN MARTIN",14,1790108.37586,885781.29758
"99","52","NARIÑO","356","52356","IPIALES",14,1301462.21212,553602.14685
"100","54","NORTE SANTANDER","553","54553","PUERTO SANTANDER",14,1846908.95349,1421065.17239
"101","66","RISARALDA","088","66088","BELEN DE UMBRIA",14,1467107.56159,1068370.94702
"102","66","RISARALDA","456","66456","MISTRATO",14,1456568.12261,1091990.96067
"103","68","SANTANDER","001","68001","BUCARAMANGA",14,1771300.33211,1288922.32079
"104","68","SANTANDER","406","68406","LEBRIJA",14,1751221.22197,1293989.25515
"105","70","SUCRE","221","70221","COVEÑAS",14,1485937.63628,1533709.15854
"106","70","SUCRE","418","70418","LOS PALMITOS",14,1534867.43671,1537458.00252
"107","70","SUCRE","742","70742","SINCE",14,1548249.86667,1519206.86075
"108","70","SUCRE","771","70771","SUCRE",14,1587182.01021,1470675.71608
"109","73","TOLIMA","408","73408","LERIDA",14,1572468.9543,1032027.07186
"110","73","TOLIMA","861","73861","VENADILLO",14,1572876.69529,1014691.22512
"111","73","TOLIMA","870","73870","VILLAHERMOSA",14,1546492.90248,1042902.4226
"112","05","ANTIOQUIA","045","05045","APARTADO",15,1387347.64816,1366565.28951
"113","05","ANTIOQUIA","647","05647","SAN ANDRES",15,1488031.28322,1259071.68156
"114","17","CALDAS","614","17614","RIOSUCIO",15,1479786.73923,1095280.83529
"115","23","CORDOBA","162","23162","CERETE",15,1467091.272,1477640.68478
"116","23","CORDOBA","678","23678","SAN CARLOS",15,1483000.89867,1457353.06677
"117","23","CORDOBA","807","23807","TIERRALTA",15,1431457.31454,1357836.1278
"118","25","CUNDINAMARCA","612","25612","RICAURTE",15,1594534.80955,970148.6553
"119","44","GUAJIRA","430","44430","MAICAO",15,1851857.50778,1761915.65409
"120","52","NARIÑO","683","52683","SANDONA",15,1291776.30544,634348.99362
"121","54","NORTE SANTANDER","660","54660","SALAZAR",15,1797312.67702,1358098.17594
"122","70","SUCRE","110","70110","BUENAVISTA",15,1563798.92734,1526506.60493
"123","70","SUCRE","233","70233","EL ROBLE",15,1543657.59596,1498572.86982
"124","73","TOLIMA","148","73148","CARMEN DE APICALA",15,1592715.98459,949706.04212
"125","73","TOLIMA","268","73268","ESPINAL",15,1576347.77783,954378.66471
"126","86","PUTUMAYO","571","86571","PUERTO GUZMAN",15,1467648.80705,574517.98476
"127","88","SAN ANDRES","564","88564","PROVIDENCIA",15,859547.67846,1968926.05764
"128","11","BOGOTA","001","11001","BOGOTA",16,1655680.52493,971576.3897
"129","13","BOLIVAR","212","13212","CORDOBA",16,1569788.20111,1551028.24841
"130","13","BOLIVAR","650","13650","SAN FERNANDO",16,1629671.20512,1502088.36219
"131","17","CALDAS","662","17662","SAMANA",16,1564034.13201,1106819.44706
"132","20","CESAR","238","20238","EL COPEY",16,1676707.5563,1626204.31479
"133","23","CORDOBA","417","23417","LORICA",16,1458453.28916,1507931.1992
"134","25","CUNDINAMARCA","386","25386","LA MESA",16,1622814.29994,1008510.71774
"135","25","CUNDINAMARCA","394","25394","LA PALMA",16,1629421.0623,1084423.03777
"136","25","CUNDINAMARCA","797","25797","TENA",16,1631887.76593,1008675.15194
"137","25","CUNDINAMARCA","851","25851","UTICA",16,1621796.2727,1068729.59437
"138","47","MAGDALENA","555","47555","PLATO",16,1601640.32904,1577012.6
"139","47","MAGDALENA","660","47660","SABANAS DE SAN ANGEL",16,1638173.07405,1614965.27519
"140","66","RISARALDA","400","66400","LA VIRGINIA",16,1469088.29148,1035597.0658
"141","68","SANTANDER","190","68190","CIMITARRA",16,1654651.24477,1204326.29986
"142","81","ARAUCA","736","81736","SARAVENA",16,1912274.59216,1263454.44879
"143","08","ATLANTICO","296","08296","GALAPA",17,1568170.08037,1701795.07178
"144","13","BOLIVAR","430","13430","MAGANGUE",17,1586647.03003,1510108.88383
"145","13","BOLIVAR","580","13580","REGIDOR",17,1686447.61485,1461945.50472
"146","18","CAQUETA","256","18256","EL PAUJIL",17,1539607.48677,671279.7973
"147","20","CESAR","383","20383","LA GLORIA",17,1710779.90893,1451150.07782
"148","20","CESAR","770","20770","SAN MARTIN",17,1721862.65591,1375243.89806
"149","23","CORDOBA","464","23464","MOMIL",17,1486842.24064,1519410.8066
"150","23","CORDOBA","555","23555","PLANETA RICA",17,1492376.08424,1411295.25563
"151","23","CORDOBA","586","23586","PURISIMA",17,1479063.50622,1521192.13128
"152","25","CUNDINAMARCA","815","25815","TOCAIMA",17,1603426.61967,986286.15592
"153","44","GUAJIRA","035","44035","ALBANIA",17,1826202.90598,1744168.05657
"154","44","GUAJIRA","650","44650","SAN JUAN DEL CESAR",17,1766291.96765,1696361.42807
"155","47","MAGDALENA","053","47053","ARACATACA",17,1679387.53927,1675770.52578
"156","47","MAGDALENA","288","47288","FUNDACION",17,1679324.62788,1655127.44478
"157","54","NORTE SANTANDER","405","54405","LOS PATIOS",17,1835276.52754,1355365.0872
"158","68","SANTANDER","547","68547","PIEDECUESTA",17,1783468.73743,1267556.89084
"159","70","SUCRE","670","70670","SAMPUES",17,1519023.32404,1508696.02758
"160","70","SUCRE","717","70717","SAN PEDRO",17,1554263.06612,1534896.68415
"161","73","TOLIMA","217","73217","COYAIMA",17,1548207.92526,906710.82098
"162","86","PUTUMAYO","757","86757","SAN MIGUEL (LA DORADA)",17,1358608.97439,525642.93508
"163","08","ATLANTICO","832","08832","TUBARA",18,1557491.75514,1702668.17278
"164","13","BOLIVAR","188","13188","CICUCO",18,1593022.06748,1517524.78348
"165","18","CAQUETA","001","18001","FLORENCIA",18,1503374.4825,685786.34619
"166","20","CESAR","550","20550","PELAYA",18,1710523.88842,1467039.28607
"167","20","CESAR","787","20787","TAMALAMEQUE",18,1695824.53011,1482136.22099
"168","23","CORDOBA","466","23466","MONTELIBANO",18,1476473.71239,1366320.13583
"169","23","CORDOBA","672","23672","SAN ANTERO",18,1471721.20069,1529674.33229
"170","23","CORDOBA","686","23686","SAN PELAYO",18,1458702.39163,1488276.77072
"171","25","CUNDINAMARCA","875","25875","VILLETA",18,1620874.80676,1048595.74863
"172","41","HUILA","306","41306","GIGANTE",18,1507780.97465,754864.72973
"173","44","GUAJIRA","378","44378","HATONUEVO",18,1804506.46952,1729210.66633
"174","47","MAGDALENA","268","47268","EL RETEN",18,1630367.18781,1676449.26637
"175","54","NORTE SANTANDER","099","54099","BOCHALEMA",18,1820916.15107,1342973.17302
"176","54","NORTE SANTANDER","810","54810","TIBU",18,1803010.54254,1463066.81022
"177","68","SANTANDER","276","68276","FLORIDABLANCA",18,1776277.35933,1280515.53097
"178","70","SUCRE","702","70702","SAN JUAN DE BETULIA",18,1534998.69268,1522989.29916
"179","73","TOLIMA","319","73319","GUAMO",18,1567155.16428,944328.63445
"180","73","TOLIMA","671","73671","SALDAÑA",18,1562581.58905,926099.01849
"181","76","VALLE","622","76622","ROLDANILLO",18,1434213.99707,984271.29174
"182","85","CASANARE","001","85001","YOPAL",18,1869531.99599,1076931.2169
"183","05","ANTIOQUIA","147","05147","CAREPA",19,1377535.32116,1354631.73839
"184","08","ATLANTICO","634","08634","SABANAGRANDE",19,1581344.96233,1691050.40126
"185","08","ATLANTICO","638","08638","SABANALARGA",19,1561218.04619,1671111.43841
"186","13","BOLIVAR","838","13838","TURBANA",19,1505298.78209,1625128.01795
"187","13","BOLIVAR","873","13873","VILLANUEVA",19,1527230.86666,1650852.88271
"188","20","CESAR","032","20032","ASTREA",19,1674889.97809,1549494.60535
"189","20","CESAR","060","20060","BOSCONIA",19,1682374.62337,1598098.82099
"190","23","CORDOBA","090","23090","CANALETE",19,1422827.1922,1458653.98932
"191","23","CORDOBA","660","23660","SAHAGUN",19,1511931.03663,1467966.21442
"192","23","CORDOBA","675","23675","SAN BERNARDO DEL VIENTO",19,1450917.9519,1526147.73432
"193","25","CUNDINAMARCA","718","25718","SASAIMA",19,1629331.77483,1041459.76443
"194","44","GUAJIRA","110","44110","EL MOLINO",19,1788853.92027,1677220.52898
"195","47","MAGDALENA","570","47570","PUEBLOVIEJO",19,1626082.94319,1697265.4304
"196","47","MAGDALENA","745","47745","SITIO NUEVO",19,1596446.93449,1701462.20362
"197","47","MAGDALENA","980","47980","ZONA BANANERA",19,1646253.36287,1691953.45912
"198","70","SUCRE","708","70708","SAN MARCOS",19,1540578.56303,1445046.39674
"199","73","TOLIMA","349","73349","HONDA",19,1587817.33357,1066949.82137
"200","76","VALLE","736","76736","SEVILLA",19,1465528.6763,956701.55914
"201","08","ATLANTICO","606","08606","REPELON",20,1543105.12142,1658055.38877
"202","15","BOYACA","176","15176","CHIQUINQUIRA",20,1696375.67753,1117235.97654
"203","19","CAUCA","573","19573","PUERTO TEJADA",20,1406942.75161,853728.99412
"204","20","CESAR","400","20400","LA JAGUA DE IBIRICO",20,1743456.00973,1555298.65184
"205","25","CUNDINAMARCA","320","25320","GUADUAS",20,1603733.52991,1066431.48748
"206","41","HUILA","524","41524","PALERMO",20,1516074.88259,815100.62134
"207","44","GUAJIRA","847","44847","URIBIA",20,1909997.21795,1832673.10345
"208","47","MAGDALENA","960","47960","ZAPAYAN",20,1591164.74789,1615544.18517
"209","54","NORTE SANTANDER","172","54172","CHINACOTA",20,1829236.08987,1337526.39322
"210","54","NORTE SANTANDER","673","54673","SAN CAYETANO",20,1825846.18215,1366974.23153
"211","70","SUCRE","235","70235","GALERAS (NUEVA GRANADA)",20,1560862.57005,1505935.67636
"212","73","TOLIMA","504","73504","ORTEGA",20,1533623.74696,928730.11696
"213","05","ANTIOQUIA","628","05628","SABANALARGA",21,1474033.9129,1257009.92124
"214","05","ANTIOQUIA","659","05659","SAN JUAN DE URABA",21,1390351.64243,1456457.32025
"215","08","ATLANTICO","141","08141","CANDELARIA",21,1569981.19426,1656430.52897
"216","08","ATLANTICO","849","08849","USIACURI",21,1557972.76382,1684164.02696
"217","13","BOLIVAR","683","13683","SANTA ROSA",21,1516887.75569,1653393.56704
"218","15","BOYACA","189","15189","CIENEGA",21,1754892.29151,1092341.24623
"219","20","CESAR","310","20310","GONZALEZ",21,1739744.3897,1427613.97603
"220","23","CORDOBA","574","23574","PUERTO ESCONDIDO",21,1427343.06126,1488029.82543
"221","25","CUNDINAMARCA","402","25402","LA VEGA",21,1637431.27535,1045065.51607
"222","41","HUILA","016","41016","AIPE",21,1525723.62084,853741.75823
"223","41","HUILA","020","41020","ALGECIRAS",21,1532912.71378,768941.52741
"224","41","HUILA","615","41615","RIVERA",21,1539017.95879,800519.4865
"225","47","MAGDALENA","703","47703","SAN ZENON",21,1629468.61144,1528365.81186
"226","54","NORTE SANTANDER","174","54174","CHITAGA",21,1836753.98401,1278330.28008
"227","54","NORTE SANTANDER","599","54599","RAGONVALIA",21,1837708.73359,1339014.423
"228","66","RISARALDA","687","66687","SANTUARIO",21,1454542.07119,1051167.0775
"229","70","SUCRE","400","70400","LA UNION",21,1528030.97234,1469614.57934
"230","91","AMAZONAS","001","91001","LETICIA",21,2120434.69225,95358.13208
"231","05","ANTIOQUIA","483","05483","NARIÑO",22,1541654.70187,1111181.75533
"232","05","ANTIOQUIA","665","05665","SAN PEDRO DE URABA",22,1414503.0797,1420335.84772
"233","05","ANTIOQUIA","837","05837","TURBO",22,1369910.63052,1377713.62285
"234","15","BOYACA","580","15580","QUIPAMA",22,1650356.93131,1109980.79322
"235","15","BOYACA","686","15686","SANTANA",22,1730865.32171,1166057.65809
"236","17","CALDAS","877","17877","VITERBO",22,1465955.59379,1051445.03408
"237","18","CAQUETA","150","18150","CARTAGENA DEL CHAIRA",22,1647392.37918,563680.1822
"238","18","CAQUETA","247","18247","EL DONCELLO",22,1544039.13501,690559.80956
"239","19","CAUCA","532","19532","PATIA (EL BORDO)",22,1336060.36939,729632.47876
"240","20","CESAR","250","20250","EL PASO",22,1701993.52364,1569020.10492
"241","20","CESAR","710","20710","SAN ALBERTO",22,1732138.84866,1361667.49647
"242","23","CORDOBA","350","23350","LA APARTADA",22,1528521.97603,1385294.30466
"243","23","CORDOBA","670","23670","SAN ANDRES SOTAVENTO",22,1501370.51412,1503598.68208
"244","25","CUNDINAMARCA","001","25001","AGUA DE DIOS",22,1600985.72332,977456.82216
"245","25","CUNDINAMARCA","035","25035","ANAPOIMA",22,1617042.69176,998374.62869
"246","25","CUNDINAMARCA","245","25245","EL COLEGIO",22,1628095.93374,998126.25639
"247","25","CUNDINAMARCA","290","25290","FUSAGASUGA",22,1632533.61307,972222.39182
"248","25","CUNDINAMARCA","368","25368","JERUSALEN",22,1598811.11972,999501.62803
"249","25","CUNDINAMARCA","398","25398","LA PEÑA",22,1629574.91632,1070110.78582
"250","25","CUNDINAMARCA","430","25430","MADRID",22,1646501.18146,1022253.55099
"251","25","CUNDINAMARCA","518","25518","PAIME",22,1656558.73048,1090710.3097
"252","25","CUNDINAMARCA","580","25580","PULI",22,1599647.88028,1012835.30816
"253","25","CUNDINAMARCA","596","25596","QUIPILE",22,1613739.40584,1015582.52995
"254","25","CUNDINAMARCA","599","25599","RAFAEL REYES (APULO)",22,1611197.9569,993930.36445
"255","25","CUNDINAMARCA","649","25649","SAN BERNARDO",22,1636545.42025,951960.53051
"256","25","CUNDINAMARCA","839","25839","UBALA",22,1741543.01929,1021595.3793
"257","41","HUILA","078","41078","BARAYA",22,1569818.48558,839862.40429
"258","41","HUILA","132","41132","CAMPOALEGRE",22,1528595.52194,786767.73007
"259","41","HUILA","551","41551","PITALITO",22,1440768.32575,694375.02506
"260","41","HUILA","872","41872","VILLAVIEJA",22,1549604.04421,856596.84903
"261","44","GUAJIRA","874","44874","VILLANUEVA",22,1779141.03386,1671082.21864
"262","47","MAGDALENA","245","47245","EL BANCO",22,1671356.85332,1505401.4172
"263","47","MAGDALENA","258","47258","EL PIÑON",22,1592178.70851,1640591.99958
"264","47","MAGDALENA","318","47318","GUAMAL",22,1653578.23047,1519905.93015
"265","47","MAGDALENA","798","47798","TENERIFE",22,1586951.85031,1594023.83749
"266","50","META","313","50313","GRANADA",22,1704845.58567,880785.23158
"267","50","META","680","50680","SAN CARLOS DE GUAROA",22,1757243.73225,920247.65428
"268","54","NORTE SANTANDER","239","54239","DURANIA",22,1819109.3111,1355603.26831
"269","54","NORTE SANTANDER","250","54250","EL TARRA",22,1777293.16332,1458671.60922
"270","54","NORTE SANTANDER","377","54377","LABATECA",22,1836659.66743,1302194.77296
"271","54","NORTE SANTANDER","680","54680","SANTIAGO",22,1813696.26866,1371370.9865
"272","54","NORTE SANTANDER","720","54720","SARDINATA",22,1803164.10012,1412981.99091
"273","63","QUINDIO","001","63001","ARMENIA",22,1483509.71382,990750.29948
"274","63","QUINDIO","470","63470","MONTENEGRO",22,1473126.59095,993171.36783
"275","66","RISARALDA","440","66440","MARSELLA",22,1480052.25504,1039905.62401
"276","66","RISARALDA","572","66572","PUEBLO RICO",22,1444190.06639,1077742.98915
"277","68","SANTANDER","081","68081","BARRANCABERMEJA",22,1696903.08701,1276524.15239
"278","68","SANTANDER","147","68147","CAPITANEJO",22,1821064.59678,1218813.15149
"279","68","SANTANDER","235","68235","EL CARMEN DE CHUCURI",22,1721658.36286,1233471.07901
"280","68","SANTANDER","655","68655","SABANA DE TORRES",22,1719778.44829,1316063.84274
"281","68","SANTANDER","686","68686","SAN MIGUEL",22,1824456.20117,1224208.61832
"282","70","SUCRE","823","70823","TOLUVIEJO",22,1509258.77754,1544645.45044
"283","73","TOLIMA","055","73055","ARMERO (GUAYABAL)",22,1580796.64882,1047718.58692
"284","73","TOLIMA","168","73168","CHAPARRAL",22,1499021.7988,907003.81511
"285","73","TOLIMA","200","73200","COELLO",22,1574205.94629,975205.53005
"286","73","TOLIMA","563","73563","PRADO",22,1578999.99376,905837.71145
"287","73","TOLIMA","585","73585","PURIFICACION",22,1578690.49365,919728.09648
"288","73","TOLIMA","854","73854","VALLE DE SAN JUAN",22,1545356.18897,955917.38627
"289","76","VALLE","020","76020","ALCALA",22,1476926.64103,1010604.70108
"290","76","VALLE","041","76041","ANSERMANUEVO",22,1449412.46019,1023415.41377
"291","76","VALLE","111","76111","BUGA",22,1441568.54327,919095.3698
"292","76","VALLE","834","76834","TULUA",22,1449560.7039,938328.68541
"293","76","VALLE","895","76895","ZARZAL",22,1447349.84639,974367.93124
"294","85","CASANARE","325","85325","SAN LUIS DE PALENQUE",22,1944027.2632,1076689.75908
"295","99","VICHADA","524","99524","LA PRIMAVERA",22,2166375.5315,1112744.86978
"296","05","ANTIOQUIA","002","05002","ABEJORRAL",23,1514340.82684,1135641.97966
"297","05","ANTIOQUIA","051","05051","ARBOLETES",23,1403431.58585,1445968.40404
"298","05","ANTIOQUIA","400","05400","LA UNION",23,1523566.48402,1150887.30383
"299","05","ANTIOQUIA","411","05411","LIBORINA",23,1475232.32994,1237390.19143
"300","05","ANTIOQUIA","579","05579","PUERTO BERRIO",23,1614707.03379,1211900.30122
"301","05","ANTIOQUIA","642","05642","SALGAR",23,1453905.02951,1153664.68106
"302","08","ATLANTICO","436","08436","MANATI",23,1558263.17999,1652365.88192
"303","08","ATLANTICO","675","08675","SANTA LUCIA",23,1560571.54076,1641241.52223
"304","08","ATLANTICO","770","08770","SUAN",23,1567055.0252,1636593.90428
"305","13","BOLIVAR","473","13473","MORALES",23,1673979.95462,1409651.4564
"306","15","BOYACA","442","15442","MARIPI",23,1672392.00739,1111124.14046
"307","15","BOYACA","455","15455","MIRAFLORES",23,1766699.16845,1065504.91743
"308","15","BOYACA","778","15778","SUTATENZA",23,1738423.15549,1051387.19075
"309","17","CALDAS","495","17495","NORCASIA",23,1579374.12904,1117812.51418
"310","17","CALDAS","777","17777","SUPIA",23,1492207.81981,1096556.09531
"311","18","CAQUETA","029","18029","ALBANIA",23,1467319.67578,627904.75102
"312","18","CAQUETA","410","18410","LA MONTANITA",23,1539500.73817,636336.61641
"313","18","CAQUETA","610","18610","SAN JOSE DEL FRAGUA",23,1441903.13698,636383.59294
"314","19","CAUCA","785","19785","SUCRE",23,1352566.7606,719651.13244
"315","20","CESAR","013","20013","AGUSTIN CODAZZI",23,1753284.85617,1599827.59176
"316","20","CESAR","045","20045","BECERRIL",23,1750602.92106,1575095.34779
"317","20","CESAR","228","20228","CURUMANI",23,1725606.87648,1520150.04251
"318","20","CESAR","295","20295","GAMARRA",23,1703169.12365,1419456.56156
"319","20","CESAR","517","20517","PAILITAS",23,1716880.12088,1486605.07837
"320","20","CESAR","614","20614","RIO DE ORO",23,1727693.96864,1404646.70053
"321","23","CORDOBA","068","23068","AYAPEL",23,1554720.67512,1409319.23997
"322","23","CORDOBA","419","23419","LOS CORDOBAS",23,1416398.45841,1471330.29946
"323","23","CORDOBA","500","23500","MOÑITOS",23,1435335.13624,1510493.53537
"324","23","CORDOBA","682","23682","SAN JOSE DE URE",23,1498018.47672,1351756.79
"325","25","CUNDINAMARCA","040","25040","ANOLAIMA",23,1623946.49572,1023914.03627
"326","25","CUNDINAMARCA","123","25123","CACHIPAY",23,1624312.64003,1016555.49678
"327","25","CUNDINAMARCA","483","25483","NARIÑO",23,1585959.06336,981260.00705
"328","25","CUNDINAMARCA","491","25491","NOCAIMA",23,1631730.09809,1054739.53882
"329","25","CUNDINAMARCA","524","25524","PANDI",23,1623442.61261,956259.77098
"330","25","CUNDINAMARCA","658","25658","SAN FRANCISCO",23,1644934.50206,1043517.73643
"331","25","CUNDINAMARCA","743","25743","SILVANIA",23,1634453.75203,984842.71181
"332","25","CUNDINAMARCA","878","25878","VIOTA",23,1621637.36699,984643.18669
"333","25","CUNDINAMARCA","885","25885","YACOPI",23,1633969.38652,1113192.52665
"334","44","GUAJIRA","078","44078","BARRANCAS",23,1809850.73872,1717061.51379
"335","44","GUAJIRA","090","44090","DIBULLA",23,1727167.19592,1726358.81295
"336","44","GUAJIRA","279","44279","FONSECA",23,1797610.30675,1698797.52234
"337","47","MAGDALENA","720","47720","SANTA BARBARA DE PINTO",23,1596999.14579,1549455.48372
"338","50","META","006","50006","ACACIAS",23,1707019.3825,937883.16865
"339","50","META","124","50124","CABUYARO",23,1792939.21837,972655.82432
"340","50","META","226","50226","CUMARAL",23,1752535.59032,963073.48991
"341","50","META","606","50606","RESTREPO",23,1734776.13567,963465.05034
"342","54","NORTE SANTANDER","003","54003","ABREGO",23,1764536.99005,1385076.09539
"343","63","QUINDIO","212","63212","CORDOBA",23,1491768.18827,979317.14161
"344","68","SANTANDER","522","68522","PALMAR",23,1752558.88626,1218352.60764
"345","68","SANTANDER","572","68572","PUENTE NACIONAL",23,1710139.531,1140604.12901
"346","68","SANTANDER","679","68679","SAN GIL",23,1771469.80272,1221510.7528
"347","70","SUCRE","429","70429","MAJAGUAL",23,1591708.90718,1440949.23058
"348","70","SUCRE","508","70508","OVEJAS",23,1537366.91109,1551620.5866
"349","73","TOLIMA","030","73030","AMBALEMA",23,1585752.51563,1027563.54324
"350","73","TOLIMA","067","73067","ATACO",23,1511181.54043,872100.17475
"351","73","TOLIMA","226","73226","CUNDAY",23,1599248.36405,934101.61902
"352","73","TOLIMA","411","73411","LIBANO",23,1558621.21504,1033243.9459
"353","73","TOLIMA","520","73520","PALOCABILDO",23,1561685.85948,1057257.86264
"354","73","TOLIMA","547","73547","PIEDRAS",23,1573055.68187,989725.88327
"355","73","TOLIMA","678","73678","SAN LUIS",23,1551971.49455,950018.67818
"356","73","TOLIMA","770","73770","SUAREZ",23,1584787.61763,941382.37502
"357","76","VALLE","109","76109","BUENAVENTURA",23,1332524.52759,891648.46419
"358","76","VALLE","113","76113","BUGALAGRANDE",23,1443106.64862,956969.0035
"359","76","VALLE","364","76364","JAMUNDI",23,1383675.14538,847793.61991
"360","76","VALLE","520","76520","PALMIRA",23,1428055.23836,886134.81947
"361","76","VALLE","869","76869","VIJES",23,1400927.43393,906550.473
"362","76","VALLE","890","76890","YOTOCO",23,1409737.50366,924369.21923
"363","76","VALLE","892","76892","YUMBO",23,1396502.63358,890163.25177
"364","86","PUTUMAYO","320","86320","ORITO",23,1349071.79707,566379.19451
"365","05","ANTIOQUIA","042","05042","ANTIOQUIA",24,1461965.71439,1216397.44819
"366","05","ANTIOQUIA","059","05059","ARMENIA",24,1472764.13647,1175231.56979
"367","05","ANTIOQUIA","172","05172","CHIGORODO",24,1379557.75397,1337196.22154
"368","05","ANTIOQUIA","313","05313","GRANADA",24,1548566.48737,1171413.68708
"369","05","ANTIOQUIA","318","05318","GUARNE",24,1514031.27142,1186998.50105
"370","05","ANTIOQUIA","380","05380","LA ESTRELLA",24,1490658.09971,1172484.25525
"371","05","ANTIOQUIA","490","05490","NECOCLI",24,1374634.44645,1432666.02527
"372","05","ANTIOQUIA","591","05591","PUERTO TRIUNFO",24,1597812.69983,1153167.19411
"373","05","ANTIOQUIA","847","05847","URRAO",24,1422805.00422,1193874.14974
"374","08","ATLANTICO","137","08137","CAMPO DE LA CRUZ",24,1570046.72076,1646835.82342
"375","08","ATLANTICO","520","08520","PALMAR DE VARELA",24,1581396.55147,1679483.47744
"376","13","BOLIVAR","006","13006","ACHI",24,1617275.16153,1449845.02158
"377","13","BOLIVAR","074","13074","BARRANCO DE LOBA",24,1651782.6929,1474079.706
"378","13","BOLIVAR","268","13268","EL PEÑON",24,1679422.32459,1477714.33397
"379","13","BOLIVAR","458","13458","MONTECRISTO",24,1619847.71124,1382545.4979
"380","13","BOLIVAR","670","13670","SAN PABLO",24,1657083.28346,1316958.67634
"381","13","BOLIVAR","673","13673","SANTA CATALINA",24,1527086.3754,1673594.26582
"382","15","BOYACA","001","15001","TUNJA",24,1744027.53949,1106185.56661
"383","15","BOYACA","469","15469","MONIQUIRA",24,1723459.37755,1144345.91389
"384","17","CALDAS","001","17001","MANIZALES",24,1507306.69838,1055674.60818
"385","17","CALDAS","013","17013","AGUADAS",24,1513207.52858,1112669.06917
"386","17","CALDAS","050","17050","ARANZAZU",24,1510865.22539,1075903.69239
"387","17","CALDAS","524","17524","PALESTINA",24,1490144.38645,1051884.87762
"388","17","CALDAS","653","17653","SALAMINA",24,1517929.48767,1087583.25486
"389","17","CALDAS","665","17665","SAN JOSE",24,1473253.35212,1054030.43988
"390","18","CAQUETA","753","18753","SAN VICENTE DEL CAGUAN",24,1648246.84904,665886.88874
"391","19","CAUCA","001","19001","POPAYAN",24,1387895.24744,765584.55256
"392","19","CAUCA","698","19698","SANTANDER DE QUILICHAO",24,1398110.62307,822423.34531
"393","20","CESAR","175","20175","CHIMICHAGUA",24,1696411.59404,1517383.00845
"394","20","CESAR","178","20178","CHIRIGUANA",24,1718606.22403,1540935.57934
"395","23","CORDOBA","079","23079","BUENAVISTA",24,1512236.1934,1400549.27346
"396","25","CUNDINAMARCA","175","25175","CHIA",24,1671263.33687,1032784.00839
"397","25","CUNDINAMARCA","269","25269","FACATATIVA",24,1637719.06883,1029000.47962
"398","25","CUNDINAMARCA","488","25488","NILO",24,1607338.57518,968842.76488
"399","25","CUNDINAMARCA","513","25513","PACHO",24,1656858.61511,1066332.99134
"400","25","CUNDINAMARCA","572","25572","PUERTO SALGAR",24,1609960.55917,1116059.54429
"401","41","HUILA","013","41013","AGRADO",24,1485577.80691,743477.59032
"402","41","HUILA","396","41396","LA PLATA",24,1453789.39793,749852.19249
"403","41","HUILA","483","41483","NATAGA",24,1477592.31652,777421.0782
"404","41","HUILA","676","41676","SANTA MARIA",24,1494551.03103,816320.96278
"405","41","HUILA","797","41797","TESALIA",24,1489249.13563,772002.52297
"406","41","HUILA","807","41807","TIMANA",24,1463224.20382,708040.98749
"407","47","MAGDALENA","675","47675","SALAMINA",24,1586922.74859,1659644.51649
"408","47","MAGDALENA","707","47707","SANTA ANA",24,1631041.08853,1549726.44635
"409","50","META","287","50287","FUENTE DE ORO",24,1721784.92605,868190.47404
"410","50","META","325","50325","MAPIRIPAN",24,1907978.71132,840040.94029
"411","50","META","683","50683","SAN JUAN DE ARAMA",24,1697248.64832,857733.53077
"412","54","NORTE SANTANDER","051","54051","ARBOLEDAS",24,1798317.40986,1340333.28932
"413","54","NORTE SANTANDER","313","54313","GRAMALOTE",24,1803792.14783,1373124.74284
"414","54","NORTE SANTANDER","385","54385","LA ESPERANZA",24,1742600.89483,1348563.94202
"415","54","NORTE SANTANDER","520","54520","PAMPLONITA",24,1823726.6072,1326224.65143
"416","63","QUINDIO","190","63190","CIRCASIA",24,1489895.07007,1002472.48404
"417","63","QUINDIO","401","63401","LA TEBAIDA",24,1473265.14994,983611.62154
"418","68","SANTANDER","307","68307","GIRON",24,1756246.82067,1275419.64275
"419","68","SANTANDER","397","68397","LA PAZ",24,1715051.51213,1183645.59292
"420","68","SANTANDER","500","68500","OIBA",24,1754046.42607,1185053.56264
"421","68","SANTANDER","575","68575","PUERTO WILCHES",24,1695887.35197,1334688.43811
"422","68","SANTANDER","689","68689","SAN VICENTE DE CHUCURI",24,1724179.18301,1259110.7485
"423","68","SANTANDER","755","68755","SOCORRO",24,1757626.45035,1211441.48759
"424","73","TOLIMA","236","73236","DOLORES",24,1586885.21842,891305.77645
"425","73","TOLIMA","352","73352","ICONONZO",24,1615835.74804,950959.16821
"426","76","VALLE","036","76036","ANDALUCIA",24,1434777.42076,951163.48341
"427","76","VALLE","147","76147","CARTAGO",24,1461897.24775,1013612.8852
"428","76","VALLE","233","76233","DAGUA",24,1373172.74264,896044.85525
"429","76","VALLE","400","76400","LA UNION",24,1441382.61957,994769.98014
"430","81","ARAUCA","300","81300","FORTUL",24,1915049.60581,1240976.45686
"431","95","GUAVIARE","001","95001","SAN JOSE DEL GUAVIARE",24,1910867.80746,769373.92907
"432","99","VICHADA","001","99001","PUERTO CARREÑO",24,2331550.09586,1151438.98819
"433","05","ANTIOQUIA","761","05761","SOPETRAN",25,1479552.46478,1214822.81592
"434","08","ATLANTICO","372","08372","JUAN DE ACOSTA",25,1547312.60093,1693154.11744
"435","08","ATLANTICO","421","08421","LURUACO",25,1539350.05765,1672147.85562
"436","08","ATLANTICO","685","08685","SANTO TOMAS",25,1578595.48784,1684904.98945
"437","13","BOLIVAR","042","13042","ARENAL",25,1658807.25882,1419134.73542
"438","13","BOLIVAR","248","13248","EL GUAMO",25,1565238.50211,1605910.22009
"439","15","BOYACA","092","15092","BETEITIVA",25,1802557.44692,1151729.40787
"440","15","BOYACA","804","15804","TIBANA",25,1742595.81442,1081967.19021
"441","17","CALDAS","174","17174","CHINCHINA",25,1489596.02528,1044868.53223
"442","17","CALDAS","272","17272","FILADELFIA",25,1497964.91792,1078050.68602
"443","17","CALDAS","444","17444","MARQUETALIA",25,1558965.70151,1081116.78762
"444","18","CAQUETA","094","18094","BELEN DE LOS ANDAQUIES",25,1468013.30242,658179.39791
"445","18","CAQUETA","460","18460","MILAN",25,1522671.23471,618988.05312
"446","18","CAQUETA","592","18592","PUERTO RICO",25,1557460.78274,715854.46238
"447","18","CAQUETA","756","18756","SOLANO",25,1776459.42737,515257.23613
"448","19","CAUCA","100","19100","BOLIVAR",25,1346656.08738,697071.08502
"449","19","CAUCA","513","19513","PADILLA",25,1416128.7462,845783.85921
"450","20","CESAR","443","20443","MANAURE BALCON DEL CESAR",25,1777808.84964,1649574.11903
"451","20","CESAR","570","20570","PUEBLO BELLO",25,1711837.97454,1656617.50369
"452","20","CESAR","621","20621","ROBLES (LA PAZ)",25,1756397.35384,1623857.25085
"453","20","CESAR","750","20750","SAN DIEGO",25,1745658.08327,1624207.43383
"454","23","CORDOBA","168","23168","CHIMA",25,1486893.53018,1502192.8493
"455","23","CORDOBA","189","23189","CIENAGA DE ORO",25,1492172.98347,1472472.38374
"456","23","CORDOBA","300","23300","COTORRA",25,1473012.39466,1496113.96901
"457","23","CORDOBA","570","23570","PUEBLO NUEVO",25,1515030.36476,1432754.06654
"458","23","CORDOBA","580","23580","PUERTO LIBERTADOR",25,1475494.0823,1346914.31898
"459","25","CUNDINAMARCA","148","25148","CAPARRAPI",25,1616769.58351,1089651.65917
"460","25","CUNDINAMARCA","317","25317","GUACHETA",25,1709023.64179,1091201.49438
"461","25","CUNDINAMARCA","328","25328","GUAYABAL DE SIQUIMA",25,1621463.39162,1033902.76302
"462","25","CUNDINAMARCA","489","25489","NIMAIMA",25,1630925.06203,1062249.5482
"463","25","CUNDINAMARCA","530","25530","PARATEBUENO",25,1766590.14578,987684.72861
"464","25","CUNDINAMARCA","662","25662","SAN JUAN DE RIO SECO",25,1601996.82152,1029488.0768
"465","25","CUNDINAMARCA","823","25823","TOPAIPI",25,1642591.3528,1087023.17218
"466","27","CHOCO","001","27001","QUIBDO",25,1378242.3939,1149653.19426
"467","27","CHOCO","006","27006","ACANDI",25,1307126.00271,1425533.63617
"468","27","CHOCO","800","27800","UNGUIA",25,1327889.34444,1390589.43602
"469","41","HUILA","548","41548","PITAL",25,1472682.98591,742313.90609
"470","41","HUILA","770","41770","SUAZA",25,1475472.55489,699230.89767
"471","44","GUAJIRA","098","44098","DISTRACCION",25,1781641.66024,1709198.24072
"472","47","MAGDALENA","030","47030","ALGARROBO",25,1655623.63516,1631768.46435
"473","47","MAGDALENA","058","47058","ARIGUANI (EL DIFICIL)",25,1658533.74064,1585188.57159
"474","47","MAGDALENA","170","47170","CHIVOLO",25,1609372.7517,1613819.0148
"475","47","MAGDALENA","460","47460","NUEVA GRANADA",25,1631840.25066,1573792.57335
"476","47","MAGDALENA","545","47545","PIJIÑO DEL CARMEN (PIJIÑO)",25,1652486.81464,1551341.71519
"477","50","META","223","50223","CUBARRAL",25,1667916.28365,917421.71353
"478","50","META","577","50577","PUERTO LLERAS",25,1762169.2524,847386.13885
"479","50","META","590","50590","PUERTO RICO",25,1773544.09153,799002.20895
"480","52","NARIÑO","565","52565","PROVIDENCIA",25,1275991.50834,628219.33553
"481","54","NORTE SANTANDER","109","54109","BUCARASICA",25,1789883.84093,1392196.72047
"482","54","NORTE SANTANDER","245","54245","EL CARMEN",25,1742093.00273,1479160.27521
"483","54","NORTE SANTANDER","871","54871","VILLA CARO",25,1783676.05892,1376092.61777
"484","63","QUINDIO","594","63594","QUIMBAYA",25,1475963.36018,1002988.99982
"485","68","SANTANDER","079","68079","BARICHARA",25,1760593.24698,1232085.62698
"486","68","SANTANDER","377","68377","LA BELLEZA",25,1668574.76428,1148940.6264
"487","68","SANTANDER","533","68533","PARAMO",25,1765813.20423,1206488.54971
"488","68","SANTANDER","682","68682","SAN JOAQUIN",25,1801050.40716,1211797.69786
"489","70","SUCRE","678","70678","SAN BENITO ABAD",25,1563165.756,1472697.5025
"490","70","SUCRE","713","70713","SAN ONOFRE",25,1502090.79198,1580532.45515
"491","73","TOLIMA","124","73124","CAJAMARCA",25,1508890.90808,980640.47613
"492","73","TOLIMA","283","73283","FRESNO",25,1557838.67494,1067514.60272
"493","73","TOLIMA","624","73624","ROVIRA",25,1525714.29378,959636.57558
"494","76","VALLE","122","76122","CAICEDONIA",25,1471184.572,969552.60646
"495","76","VALLE","130","76130","CANDELARIA",25,1410825.01156,866526.00265
"496","76","VALLE","248","76248","EL CERRITO",25,1430073.67157,899176.13918
"497","76","VALLE","275","76275","FLORIDA",25,1435184.55039,857977.96605
"498","76","VALLE","563","76563","PRADERA",25,1433613.04692,870888.16042
"499","81","ARAUCA","065","81065","ARAUQUITA",25,1974240.08291,1252511.05745
"500","81","ARAUCA","794","81794","TAME",25,1919868.59129,1205897.2903
"501","85","CASANARE","015","85015","CHAMEZA",25,1801676.87613,1074532.84754
"502","85","CASANARE","250","85250","PAZ DE ARIPORO",25,2024414.2815,1139286.62683
"503","85","CASANARE","263","85263","PORE",25,1906074.44571,1124380.83397
"504","86","PUTUMAYO","569","86569","PUERTO CAICEDO",25,1400599.07572,572101.09607
"505","05","ANTIOQUIA","148","05148","CARMEN DE VIBORAL",26,1533614.68424,1155150.02453
"506","05","ANTIOQUIA","266","05266","ENVIGADO",26,1501976.09651,1174442.74094
"507","05","ANTIOQUIA","390","05390","LA PINTADA",26,1496199.7034,1129156.44275
"508","05","ANTIOQUIA","495","05495","NECHI",26,1583462.5023,1379113.00868
"509","05","ANTIOQUIA","501","05501","OLAYA",26,1476153.48507,1224913.62919
"510","05","ANTIOQUIA","585","05585","PUERTO NARE (LA MAGDALENA )",26,1595734.64715,1172220.53145
"511","05","ANTIOQUIA","664","05664","SAN PEDRO",26,1499950.10473,1208179.6971
"512","05","ANTIOQUIA","858","05858","VEGACHI",26,1589254.42091,1251015.29488
"513","05","ANTIOQUIA","890","05890","YOLOMBO",26,1570761.55701,1229581.8526
"514","05","ANTIOQUIA","895","05895","ZARAGOZA",26,1576857.2039,1321668.211
"515","15","BOYACA","223","15223","CUBARA",26,1875392.30486,1260594.11378
"516","17","CALDAS","433","17433","MANZANARES",26,1546631.96914,1072560.50853
"517","17","CALDAS","486","17486","NEIRA",26,1507265.50452,1066760.42355
"518","17","CALDAS","541","17541","PENSILVANIA",26,1544898.02788,1091885.35378
"519","17","CALDAS","616","17616","RISARALDA",26,1479307.18188,1058670.77544
"520","17","CALDAS","873","17873","VILLAMARIA",26,1515407.13115,1039841.62159
"521","18","CAQUETA","785","18785","SOLITA",26,1494598.21096,592613.00084
"522","19","CAUCA","212","19212","CORINTO",26,1430256.13492,839410.665
"523","25","CUNDINAMARCA","258","25258","EL PEÑON",26,1640609.0535,1076560.89762
"524","25","CUNDINAMARCA","312","25312","GRANADA",26,1638088.28994,994486.43331
"525","25","CUNDINAMARCA","653","25653","SAN CAYETANO",26,1666849.66699,1082688.36569
"526","25","CUNDINAMARCA","754","25754","SOACHA",26,1650045.95694,996150.11151
"527","25","CUNDINAMARCA","805","25805","TIBACUY",26,1621593.65246,971898.14628
"528","27","CHOCO","205","27205","CONDOTO",26,1393898.1384,1053886.74922
"529","41","HUILA","026","41026","ALTAMIRA",26,1479808.41282,722333.73843
"530","41","HUILA","206","41206","COLOMBIA",26,1600842.10282,875187.38994
"531","41","HUILA","349","41349","HOBO",26,1515434.9556,773735.8015
"532","41","HUILA","518","41518","PAICOL",26,1484225.69535,758683.17876
"533","41","HUILA","801","41801","TERUEL",26,1485597.1507,804954.1184
"534","50","META","150","50150","CASTILLA LA NUEVA",26,1727869.07454,915290.05645
"535","50","META","251","50251","EL CASTILLO",26,1688992.63772,893920.33431
"536","50","META","318","50318","GUAMAL",26,1680710.99961,930803.89637
"537","52","NARIÑO","110","52110","BUESACO",26,1329695.34782,637391.84233
"538","52","NARIÑO","520","52520","FRANCISCO PIZARRO (SALAHONDA)",26,1165283.2908,722784.2327
"539","54","NORTE SANTANDER","223","54223","CUCUTILLA",26,1805677.86168,1328074.06611
"540","54","NORTE SANTANDER","398","54398","LA PLAYA",26,1760824.45419,1411408.64221
"541","54","NORTE SANTANDER","418","54418","LOURDES",26,1799274.5901,1379421.59871
"542","54","NORTE SANTANDER","800","54800","TEORAMA",26,1763218.82454,1467521.61056
"543","54","NORTE SANTANDER","820","54820","TOLEDO",26,1860889.80648,1298175.18159
"544","68","SANTANDER","207","68207","CONCEPCION",26,1828273.66101,1248406.06314
"545","68","SANTANDER","615","68615","RIONEGRO",26,1741781.12482,1323919.65158
"546","70","SUCRE","265","70265","GUARANDA",26,1595741.36861,1422984.68038
"547","73","TOLIMA","024","73024","ALPUJARRA",26,1571590.79551,868139.03506
"548","73","TOLIMA","675","73675","SAN ANTONIO",26,1509003.01171,930517.07237
"549","76","VALLE","100","76100","BOLIVAR",26,1412390.09097,975306.01097
"550","76","VALLE","243","76243","EL AGUILA",26,1445286.2328,1036874.49574
"551","76","VALLE","306","76306","GINEBRA",26,1432078.5733,906733.64914
"552","76","VALLE","497","76497","OBANDO",26,1458487.40721,1001479.07331
"553","76","VALLE","616","76616","RIOFRIO",26,1411833.74645,947136.44602
"554","76","VALLE","823","76823","TORO",26,1443792.83383,1005922.07912
"555","85","CASANARE","430","85430","TRINIDAD",26,1988590.22906,1092489.58692
"556","85","CASANARE","440","85440","VILLANUEVA",26,1807200.16719,996537.03751
"557","86","PUTUMAYO","573","86573","PUERTO LEGUIZAMO",26,1558839.65802,498309.0177
"558","86","PUTUMAYO","865","86865","VALLE DEL GUAMUEZ",26,1355669.79952,537502.33712
"559","94","GUAINIA","001","94001","PUERTO INIRIDA",26,2300513.7346,866676.49204
"560","99","VICHADA","773","99773","CUMARIBO",26,2179214.37236,971614.31068
"561","05","ANTIOQUIA","036","05036","ANGELOPOLIS",27,1483235.89336,1170630.2619
"562","05","ANTIOQUIA","120","05120","CACERES",27,1536157.08713,1342415.61118
"563","05","ANTIOQUIA","142","05142","CARACOLI",27,1592120.4407,1195666.82597
"564","05","ANTIOQUIA","234","05234","DABEIBA",27,1416123.4177,1266637.32226
"565","05","ANTIOQUIA","361","05361","ITUANGO",27,1467199.30858,1301528.88181
"566","05","ANTIOQUIA","480","05480","MUTATA",27,1399354.84942,1303877.58578
"567","05","ANTIOQUIA","667","05667","SAN RAFAEL",27,1562705.46217,1192349.92267
"568","13","BOLIVAR","549","13549","PINILLOS",27,1627053.14829,1477625.2746
"569","13","BOLIVAR","647","13647","SAN ESTANISLAO",27,1534193.12506,1642052.95366
"570","15","BOYACA","759","15759","SOGAMOSO",27,1798707.40727,1123487.36793
"571","18","CAQUETA","860","18860","VALPARAISO",27,1495846.96465,609473.72898
"572","19","CAUCA","110","19110","BUENOS AIRES",27,1378012.11935,829166.14961
"573","19","CAUCA","517","19517","PAEZ",27,1454486.2585,794837.86742
"574","25","CUNDINAMARCA","168","25168","CHAGUANI",27,1604968.56923,1042082.71838
"575","25","CUNDINAMARCA","645","25645","SAN ANTONIO DE TEQUENDAMA",27,1637166.56552,1002954.13146
"576","27","CHOCO","077","27077","BAJO BAUDO (PIZARRO)",27,1317280.00306,1046638.58856
"577","27","CHOCO","361","27361","ITSMINA",27,1356118.98319,1016702.67663
"578","41","HUILA","668","41668","SAN AGUSTIN",27,1407587.44649,704966.95808
"579","50","META","330","50330","MESETAS",27,1662876.78772,842495.75244
"580","50","META","573","50573","PUERTO LOPEZ",27,1827647.2497,939442.06842
"581","50","META","711","50711","VISTAHERMOSA",27,1714333.54912,804610.20964
"582","68","SANTANDER","255","68255","EL PLAYON",27,1762879.05463,1329841.6638
"583","68","SANTANDER","418","68418","LOS SANTOS",27,1772284.14424,1250645.32857
"584","68","SANTANDER","444","68444","MATANZA",27,1777328.26609,1310514.19363
"585","73","TOLIMA","555","73555","PLANADAS",27,1474047.59693,835393.19521
"586","76","VALLE","606","76606","RESTREPO",27,1393747.84364,913483.1749
"587","05","ANTIOQUIA","308","05308","GIRARDOTA",28,1512737.19596,1199537.86048
"588","05","ANTIOQUIA","541","05541","PEÑOL",28,1537805.21729,1183414.72216
"589","05","ANTIOQUIA","842","05842","URAMITA",28,1436246.07765,1258116.30953
"590","15","BOYACA","690","15690","SANTA MARIA",28,1758725.33073,1028891.92254
"591","18","CAQUETA","205","18205","CURILLO",28,1459597.07925,609244.09725
"592","19","CAUCA","318","19318","GUAPI",28,1265569.76769,758845.30869
"593","19","CAUCA","397","19397","LA VEGA",28,1369409.4239,719263.93581
"594","19","CAUCA","455","19455","MIRANDA",28,1429432.23576,849546.26631
"595","25","CUNDINAMARCA","053","25053","ARBELAEZ",28,1631809.2931,962130.86347
"596","25","CUNDINAMARCA","151","25151","CAQUEZA",28,1681983.69266,981363.37827
"597","25","CUNDINAMARCA","473","25473","MOSQUERA",28,1649275.36038,1011164.5623
"598","25","CUNDINAMARCA","592","25592","QUEBRADANEGRA",28,1620025.50855,1058400.95437
"599","25","CUNDINAMARCA","871","25871","VILLAGOMEZ",28,1653698.72116,1077679.92983
"600","41","HUILA","244","41244","ELIAS",28,1459489.83226,714188.20992
"601","41","HUILA","378","41378","LA ARGENTINA",28,1440831.21541,733561.31949
"602","41","HUILA","503","41503","OPORAPA",28,1449415.85096,720253.26279
"603","47","MAGDALENA","205","47205","CONCORDIA",28,1581388.50556,1628163.90668
"604","50","META","270","50270","EL DORADO",28,1695220.71765,904125.92371
"605","50","META","350","50350","LA MACARENA",28,1666770.96853,732128.09837
"606","66","RISARALDA","594","66594","QUINCHIA",28,1484192.54938,1082184.90955
"607","68","SANTANDER","077","68077","BARBOSA",28,1716103.41729,1154527.71779
"608","73","TOLIMA","270","73270","FALAN",28,1568535.88647,1055671.27179
"609","73","TOLIMA","873","73873","VILLARICA",28,1607193.91376,919919.00472
"610","76","VALLE","126","76126","DARIEN",28,1383353.53823,928717.96937
"611","76","VALLE","318","76318","GUACARI",28,1420517.70802,911079.98882
"612","05","ANTIOQUIA","321","05321","GUATAPE",29,1545009.07538,1184966.85737
"613","05","ANTIOQUIA","368","05368","JERICO",29,1478108.80697,1131594.51832
"614","05","ANTIOQUIA","604","05604","REMEDIOS",29,1610741.3025,1269114.46972
"615","05","ANTIOQUIA","649","05649","SAN CARLOS",29,1572971.97398,1179463.5825
"616","05","ANTIOQUIA","736","05736","SEGOVIA",29,1603392.29586,1298992.70847
"617","15","BOYACA","753","15753","SOATA",29,1818964.33564,1196801.16591
"618","25","CUNDINAMARCA","181","25181","CHOACHI",29,1685380.64665,1001491.50648
"619","25","CUNDINAMARCA","335","25335","GUAYABETAL",29,1694351.73934,962512.75807
"620","25","CUNDINAMARCA","862","25862","VERGARA",29,1640576.27589,1062059.96925
"621","63","QUINDIO","130","63130","CALARCA",29,1491116.73473,987288.95856
"622","68","SANTANDER","318","68318","GUACA",29,1803708.07771,1265746.28056
"623","68","SANTANDER","320","68320","GUADALUPE",29,1739532.53253,1185723.29767
"624","68","SANTANDER","524","68524","PALMAS SOCORRO",29,1753456.59108,1203551.49012
"625","68","SANTANDER","773","68773","SUCRE",29,1678660.72102,1157165.37319
"626","73","TOLIMA","616","73616","RIOBLANCO",29,1469640.36736,876301.63217
"627","76","VALLE","670","76670","SAN PEDRO",29,1430005.45179,933027.44367
"628","76","VALLE","845","76845","ULLOA",29,1477421.15985,1013803.96766
"629","97","VAUPES","001","97001","MITU",29,2080385.14773,605709.90327
"630","05","ANTIOQUIA","475","05475","MURINDO",30,1372591.56219,1248192.75459
"631","05","ANTIOQUIA","674","05674","SAN VICENTE",30,1526189.86922,1191963.72408
"632","13","BOLIVAR","160","13160","CANTAGALLO",30,1661299.34562,1296644.88104
"633","15","BOYACA","097","15097","BOAVITA",30,1827400.50115,1198530.75665
"634","17","CALDAS","042","17042","ANSERMA",30,1479897.82652,1068446.31061
"635","19","CAUCA","355","19355","INZA",30,1438519.37304,768759.97563
"636","25","CUNDINAMARCA","438","25438","MEDINA",30,1742085.0032,991032.55975
"637","27","CHOCO","050","27050","ATRATO",30,1384859.84743,1107781.48157
"638","41","HUILA","006","41006","ACEVEDO",30,1454466.79081,681237.25829
"639","68","SANTANDER","092","68092","BETULIA",30,1740852.09363,1272582.00153
"640","76","VALLE","377","76377","LA CUMBRE",30,1387676.70767,901028.57813
"641","85","CASANARE","125","85125","HATO COROZAL",30,1993913.0024,1175660.38143
"642","95","GUAVIARE","200","95200","MIRAFLORES",30,1899948.11833,644112.86683
"643","05","ANTIOQUIA","631","05631","SABANETA",31,1495114.47998,1172599.90285
"644","13","BOLIVAR","062","13062","ARROYOHONDO",31,1554007.88351,1628708.55038
"645","13","BOLIVAR","222","13222","CLEMENCIA",31,1521868.90127,1663172.55784
"646","13","BOLIVAR","810","13810","TIQUISIO (PUERTO RICO)",31,1637541.84714,1435633.25141
"647","19","CAUCA","845","19845","VILLARICA",31,1401856.22473,844172.21799
"648","25","CUNDINAMARCA","214","25214","COTA",31,1661694.27984,1024117.58202
"649","27","CHOCO","413","27413","LLORO",31,1409341.92929,1110641.83777
"650","50","META","370","50370","LA URIBE",31,1628746.16551,830408.29142
"651","50","META","400","50400","LEJANIAS",31,1665724.09339,893660.8215
"652","50","META","450","50450","PUERTO CONCORDIA",31,1820240.52874,798636.66953
"653","52","NARIÑO","250","52250","EL CHARCO",31,1253910.56217,733355.82152
"654","54","NORTE SANTANDER","128","54128","CACHIRA",31,1768393.94907,1347747.28448
"655","54","NORTE SANTANDER","347","54347","HERRAN",31,1839561.38528,1327732.31069
"656","68","SANTANDER","296","68296","GALAN",31,1748364.92108,1234672.62163
"657","76","VALLE","403","76403","LA VICTORIA",31,1456604.56993,988820.63105
"658","76","VALLE","828","76828","TRUJILLO",31,1414898.62034,960866.12707
"659","05","ANTIOQUIA","091","05091","BETANIA",32,1453488.49601,1126674.3225
"660","05","ANTIOQUIA","679","05679","SANTA BARBARA",32,1498182.56969,1143858.28126
"661","13","BOLIVAR","140","13140","CALAMAR",32,1556875.43675,1626210.05482
"662","13","BOLIVAR","620","13620","SAN CRISTOBAL",32,1548679.6614,1642837.86919
"663","52","NARIÑO","079","52079","BARBACOAS",32,1213852.13064,651711.21569
"664","52","NARIÑO","540","52540","POLICARPA",32,1288972.48539,683851.01311
"665","52","NARIÑO","687","52687","SAN LORENZO",32,1318256.46978,662502.54879
"666","68","SANTANDER","673","68673","SAN BENITO",32,1726600.17837,1170911.54108
"667","05","ANTIOQUIA","856","05856","VALPARAISO",33,1493099.97606,1118633.74449
"668","05","ANTIOQUIA","887","05887","YARUMAL",33,1511386.71735,1267028.38834
"669","52","NARIÑO","001","52001","PASTO",33,1319722.55563,611736.4342
"670","52","NARIÑO","573","52573","PUERRES",33,1306803.8086,583264.68064
"671","66","RISARALDA","682","66682","SANTA ROSA DE CABAL",33,1502796.38822,1027948.66471
"672","05","ANTIOQUIA","212","05212","COPACABANA",34,1506904.5101,1196394.46801
"673","05","ANTIOQUIA","670","05670","SAN ROQUE",34,1569966.21162,1207734.93042
"674","25","CUNDINAMARCA","785","25785","TABIO",34,1665871.1142,1042306.0776
"675","52","NARIÑO","694","52694","SAN PEDRO DE CARTAGO",34,1331329.98535,661931.99423
"676","68","SANTANDER","051","68051","ARATOCA",34,1783153.86105,1240172.83102
"677","68","SANTANDER","432","68432","MALAGA",34,1813589.94517,1241008.18273
"678","68","SANTANDER","669","68669","SAN ANDRES",34,1804800.76506,1249379.27698
"679","68","SANTANDER","745","68745","SIMACOTA",34,1707757.00079,1231474.71201
"680","76","VALLE","054","76054","ARGELIA",34,1437013.13215,1013184.96817
"681","76","VALLE","863","76863","VERSALLES",34,1428584.67447,1004082.64567
"682","91","AMAZONAS","540","91540","PUERTO NARIÑO",34,2072179.80194,84505.70067
"683","05","ANTIOQUIA","031","05031","AMALFI",35,1563866.03529,1266421.78168
"684","05","ANTIOQUIA","893","05893","YONDO (CASABE)",35,1655295.50516,1261648.84646
"685","19","CAUCA","780","19780","SUAREZ",35,1370606.9465,817064.38726
"686","54","NORTE SANTANDER","206","54206","CONVENCION",35,1758223.26715,1480036.35349
"687","54","NORTE SANTANDER","344","54344","HACARI",35,1772780.30312,1423326.63564
"688","68","SANTANDER","573","68573","PUERTO PARRA",35,1677929.97528,1235245.05156
"689","68","SANTANDER","684","68684","SAN JOSE DE MIRANDA",35,1813590.56963,1230880.67452
"690","85","CASANARE","300","85300","SABANALARGA",35,1787565.25497,1027870.09491
"691","15","BOYACA","104","15104","BOYACA",36,1743751.81497,1097428.38267
"692","68","SANTANDER","160","68160","CEPITA",36,1792272.34449,1244284.86666
"693","85","CASANARE","230","85230","OROCUE",36,1943868.98151,1041294.00186
"694","05","ANTIOQUIA","347","05347","HELICONIA",37,1479404.80888,1180922.26431
"695","05","ANTIOQUIA","353","05353","HISPANIA",37,1462337.37081,1134494.80036
"696","15","BOYACA","322","15322","GUATEQUE",37,1732340.38613,1049950.54523
"697","15","BOYACA","632","15632","SABOYA",37,1702550.41188,1125919.68227
"698","15","BOYACA","832","15832","TUNUNGUA",37,1680762.63566,1127949.62324
"699","27","CHOCO","075","27075","BAHIA SOLANO (MUTIS)",37,1301497.12763,1188099.84129
"700","50","META","110","50110","BARRANCA DE UPIA",37,1787931.14528,995321.23605
"701","66","RISARALDA","318","66318","GUATICA",37,1474083.46367,1081713.87632
"702","68","SANTANDER","229","68229","CURITI",37,1782522.38125,1229196.26338
"703","85","CASANARE","225","85225","NUNCHIA",37,1887627.68298,1109156.56307
"704","15","BOYACA","377","15377","LABRANZAGRANDE",38,1831938.40698,1109790.92555
"705","15","BOYACA","425","15425","MACANAL",38,1754038.82185,1046349.84218
"706","15","BOYACA","816","15816","TOGUI",38,1731106.70943,1150943.90015
"707","68","SANTANDER","468","68468","MOLAGAVITA",38,1804718.06261,1232297.93129
"708","81","ARAUCA","220","81220","CRAVO NORTE",38,2112937.41465,1204390.72402
"709","85","CASANARE","139","85139","MANI",38,1875358.75561,1013711.69888
"710","85","CASANARE","400","85400","TAMARA",38,1874989.56313,1148039.55484
"711","15","BOYACA","810","15810","TIPACOQUE",39,1818964.84048,1207648.17433
"712","52","NARIÑO","390","52390","LA TOLA",39,1207752.57091,759422.3401
"713","68","SANTANDER","861","68861","VELEZ",39,1706951.27342,1183895.6364
"714","68","SANTANDER","895","68895","ZAPATOCA",39,1753112.69868,1252870.84708
"715","05","ANTIOQUIA","086","05086","BELMIRA",40,1489621.65931,1229716.22526
"716","05","ANTIOQUIA","690","05690","SANTO DOMINGO",40,1546528.51847,1211096.29302
"717","25","CUNDINAMARCA","867","25867","VIANI",40,1613655.50425,1034923.52723
"718","68","SANTANDER","167","68167","CHARALA",40,1768087.32336,1181889.26624
"719","81","ARAUCA","591","81591","PUERTO RONDON",40,2012116.01423,1209818.08792
"720","15","BOYACA","533","15533","PAYA",41,1856533.25429,1119022.32489
"721","19","CAUCA","137","19137","CALDONO",41,1401984.05264,803142.05921
"722","19","CAUCA","290","19290","FLORENCIA",41,1332869.47382,679397.17781
"723","68","SANTANDER","324","68324","GUAVATA",41,1705167.82278,1153207.01361
"724","05","ANTIOQUIA","467","05467","MONTEBELLO",42,1505210.2805,1148117.20675
"725","19","CAUCA","821","19821","TORIBIO",42,1431025.17209,821572.08437
"726","25","CUNDINAMARCA","845","25845","UNE",42,1668314.20974,970074.5364
"727","47","MAGDALENA","161","47161","CERRO SAN ANTONIO",42,1576689.57317,1634849.86594
"728","52","NARIÑO","320","52320","GUAITARILLA",42,1283611.96431,619206.0275
"729","15","BOYACA","087","15087","BELEN",43,1797399.82206,1161047.08927
"730","68","SANTANDER","549","68549","PINCHOTE",43,1765194.93022,1217315.02838
"731","15","BOYACA","664","15664","SAN JOSE DE PARE",44,1724920.60108,1158921.55292
"732","15","BOYACA","776","15776","SUTAMARCHAN",44,1716222.4236,1119405.4379
"733","19","CAUCA","533","19533","PIAMONTE",44,1420123.36887,619464.79453
"734","19","CAUCA","142","19142","CALOTO",45,1412830.31141,829282.77461
"735","68","SANTANDER","327","68327","GUEPSA",45,1720954.01547,1163239.62112
"736","76","VALLE","246","76246","EL CAIRO",45,1428821.43711,1018877.95619
"737","99","VICHADA","624","99624","SANTA ROSALIA",45,2050075.07813,1049878.22908
"738","05","ANTIOQUIA","789","05789","TAMESIS",46,1484308.04667,1120987.24871
"739","15","BOYACA","238","15238","DUITAMA",46,1778218.78644,1148043.12228
"740","68","SANTANDER","370","68370","JORDAN",46,1773358.93506,1239699.25089
"741","63","QUINDIO","690","63690","SALENTO",47,1505023.95888,1003285.22337
"742","05","ANTIOQUIA","030","05030","AMAGA",48,1484197.43032,1160821.47036
"743","52","NARIÑO","480","52480","NARIÑO",48,1303231.56957,633559.10009
"744","19","CAUCA","548","19548","PIENDAMO",49,1390851.24228,792487.09275
"745","68","SANTANDER","271","68271","FLORIAN",49,1679337.08528,1136921.92809
"746","05","ANTIOQUIA","854","05854","VALDIVIA",51,1516999.93371,1297849.87183
"747","68","SANTANDER","872","68872","VILLANUEVA",51,1766236.15532,1236487.33658
"748","52","NARIÑO","788","52788","TANGUA",52,1303617.57416,609561.40276
"749","68","SANTANDER","498","68498","OCAMONTE",53,1771406.6807,1199738.93815
"750","05","ANTIOQUIA","425","05425","MACEO",55,1594050.03762,1217526.63069
"751","25","CUNDINAMARCA","183","25183","CHOCONTA",57,1710735.16627,1061299.24382
"752","27","CHOCO","787","27787","TADO",57,1415597.64081,1075328.0407
"753","68","SANTANDER","121","68121","CABRERA",57,1756807.05311,1222619.2687
"754","05","ANTIOQUIA","282","05282","FREDONIA",59,1487517.45521,1144740.74774
"755","05","ANTIOQUIA","697","05697","SANTUARIO",59,1534736.78633,1171379.96502
"756","19","CAUCA","130","19130","CAJIBIO",59,1375651.66531,784550.79385
"757","52","NARIÑO","381","52381","LA FLORIDA",59,1299399.57178,639429.45093
"758","27","CHOCO","099","27099","BOJAYA (BELLAVISTA)",60,1329577.71916,1208690.37006
"759","95","GUAVIARE","015","95015","CALAMAR",63,1785785.1491,671561.52667
"760","25","CUNDINAMARCA","740","25740","SIBATE",64,1646387.98899,988159.33734
"761","54","NORTE SANTANDER","670","54670","SAN CALIXTO",64,1763756.30341,1433419.1771
"762","13","BOLIVAR","744","13744","SIMITI",66,1673271.35995,1364879.77983
"763","05","ANTIOQUIA","209","05209","CONCORDIA",73,1462846.58633,1163375.09768
"764","05","ANTIOQUIA","656","05656","SAN JERONIMO",73,1484367.53805,1205784.29235
"765","05","ANTIOQUIA","079","05079","BARBOSA",80,1525849.49571,1206723.89696
"766","68","SANTANDER","855","68855","VALLE DE SAN JOSE",90,1772640.26758,1208580.99926
"767","25","CUNDINAMARCA","095","25095","BITUIMA",99,1616460.44256,1030353.27995
"768","05","ANTIOQUIA","576","05576","PUEBLORRICO",123,1467427.15274,1135936.04434
